{
  "project_info": {
    "project_number": "289367981388",
    "project_id": "urbaneaseapp12",
    "storage_bucket": "urbaneaseapp12.firebasestorage.app"
  },
  "client": [
    {
      "client_info": {
        "mobilesdk_app_id": "1:289367981388:android:684a8318a7443324eea3e9",
        "android_client_info": {
          "package_name": "com.example.urban_ease_app"
        }
      },
      "oauth_client": [],
      "api_key": [
        {
          "current_key": "AIzaSyApnR3HkdzZxyTF4Yie4AxIvcZAYVIut6M"
        }
      ],
      "services": {
        "appinvite_service": {
          "other_platform_oauth_client": []
        }
      }
    },
    {
      "client_info": {
        "mobilesdk_app_id": "1:289367981388:android:d2fe00cc2f0d3de4eea3e9",
        "android_client_info": {
          "package_name": "com.example.urban_ease_partner"
        }
      },
      "oauth_client": [],
      "api_key": [
        {
          "current_key": "AIzaSyApnR3HkdzZxyTF4Yie4AxIvcZAYVIut6M"
        }
      ],
      "services": {
        "appinvite_service": {
          "other_platform_oauth_client": []
        }
      }
    }
  ],
  "configuration_version": "1"
}